{
    "Aircraft Type": {
        "mean": 0.8821241896937867,
        "std": 0.031925254536710385
    },
    "Airline": {
        "mean": 0.7465186022795325,
        "std": 0.03038888814232682
    },
    "Day of Week": {
        "mean": 0.012112317492834342,
        "std": 0.007769282934240824
    },
    "Month": {
        "mean": 0.005092772149524967,
        "std": 0.0061771867532697386
    },
    "Predicted RET Probabilities": {
        "mean": 0.2837473366671323,
        "std": 0.016436584210230618
    },
    "Headwind [kt]": {
        "mean": 0.2711616470850584,
        "std": 0.0189191432303151
    },
    "Crosswind [kt]": {
        "mean": 0.0033011307987949935,
        "std": 0.001558448936330305
    },
    "Temperature [\u00b0C]": {
        "mean": 0.357145946364107,
        "std": 0.019684014139379667
    },
    "Precipitation [mm]": {
        "mean": 0.005164447794819607,
        "std": 0.0015087156069652815
    },
    "Groundspeed [kt]": {
        "mean": 0.008588582197539019,
        "std": 0.0016438136285086861
    },
    "Geoaltitude [ft]": {
        "mean": 0.004022795766210647,
        "std": 0.0018852937581046749
    },
    "Vertical Rate [ft/min]": {
        "mean": 0.011930317590015331,
        "std": 0.003989616553301577
    }
}