{
    "ICAO Code": {
        "mean": 0.05664669986151114,
        "std": 0.0017481762602875959
    },
    "Gate Region": {
        "mean": 0.00547296642923786,
        "std": 0.0005579743199563211
    },
    "Day of Week": {
        "mean": 0.005548317049275966,
        "std": 0.0004520468526903224
    },
    "Month": {
        "mean": 0.007809462899509725,
        "std": 0.0004611031444571513
    },
    "MALW kg": {
        "mean": 0.3468812511646602,
        "std": 0.005093472663922116
    },
    "new_headwind_kt": {
        "mean": 0.008015833367661034,
        "std": 0.0006508725230038766
    },
    "new_crosswind_kt": {
        "mean": 0.009906095275455414,
        "std": 0.0007134305329435502
    },
    "Visibility Category": {
        "mean": 0.008338408793833981,
        "std": 0.0007418354426041692
    },
    "temp_2m": {
        "mean": 0.014699614282162954,
        "std": 0.0007736124395768416
    },
    "pressure_qnh": {
        "mean": 0.019235736656267835,
        "std": 0.0008191696915078016
    },
    "precip_10min": {
        "mean": 0.0010924733484349125,
        "std": 0.00021190239404264344
    },
    "groundspeed at prediction": {
        "mean": 0.010854788396617701,
        "std": 0.0006848962927695582
    }
}